data;id;command
2021-12-24;361637610;/help
2021-12-24;655030083;Статистика 1 пользователи
2021-12-24;655030083;статистика 1 пользователи
2021-12-24;655030083;🔀 Рандом 🔀
2021-12-24;361637610;🔀 Рандом 🔀
2021-12-24;484020445;Персонаж
2021-12-24;1462974887;/start
2021-12-24;1462974887;📌 Рекомендации 📌
2021-12-24;1462974887;Приключенческие
2021-12-24;928416570;/start
2021-12-24;1462974887;📌 Рекомендации 📌
2021-12-24;1462974887;Боевики
2021-12-24;928416570;🔐 Код 🔐
2021-12-24;928416570;📌 Рекомендации 📌
2021-12-24;400562569;/start
2021-12-24;928416570;🔀 Рандом 🔀
2021-12-24;400562569;🔀 Рандом 🔀
2021-12-24;928416570;Синяк
2021-12-24;928416570;Bruised
2021-12-24;928416570;Синяк
2021-12-24;1065244121;/start
2021-12-24;1065244121;📌 Рекомендации 📌
2021-12-24;361637610;статистика 1 пользователи
2021-12-24;1065244121;Боевики
2021-12-24;361637610;статистика 1 команды
2021-12-24;915993547;/start
2021-12-24;654778742;/start
2021-12-24;654778742;🔀 Рандом 🔀
2021-12-24;654778742;📌 Рекомендации 📌
2021-12-24;654778742;Комедии
2021-12-24;654778742;/start
2021-12-24;654778742;📌 Рекомендации 📌
2021-12-24;654778742;Триллеры
2021-12-24;1014648043;/start
2021-12-24;1014648043;📌 Рекомендации 📌
2021-12-24;1014648043;Marvel
2021-12-24;881035233;/start
2021-12-24;881035233;📌 Рекомендации 📌
2021-12-24;881035233;Триллеры
2021-12-24;1941006778;/start
2021-12-24;1941006778;🔐 Код 🔐
2021-12-24;1941006778;🔀 Рандом 🔀
2021-12-24;1941006778;🔀 Рандом 🔀
2021-12-24;1941006778;🔀 Рандом 🔀
2021-12-24;1941006778;🔀 Рандом 🔀
2021-12-24;1941006778;🔀 Рандом 🔀
2021-12-24;1941006778;🔀 Рандом 🔀
2021-12-24;1941006778;🔀 Рандом 🔀
2021-12-24;1489556797;/start
2021-12-24;1941006778;🔀 Рандом 🔀
2021-12-24;1941006778;🔀 Рандом 🔀
2021-12-24;1489556797;📌 Рекомендации 📌
2021-12-24;1941006778;🔀 Рандом 🔀
2021-12-24;1489556797;Боевики
2021-12-24;1941006778;📌 Рекомендации 📌
2021-12-24;881035233;/start
2021-12-24;881035233;📌 Рекомендации 📌
2021-12-24;1941006778;Marvel
2021-12-24;1941006778;🔀 Рандом 🔀
2021-12-24;881035233;Комедии
2021-12-24;1941006778;Челевек паук нет пути
2021-12-24;1941006778;🔀 Рандом 🔀
2021-12-24;1941006778;📌 Рекомендации 📌
2021-12-24;881035233;📌 Рекомендации 📌
2021-12-24;1941006778;Фантастические
2021-12-24;881035233;Marvel
2021-12-24;1941006778;📌 Рекомендации 📌
2021-12-24;1941006778;Marvel
2021-12-24;1941006778;🔀 Рандом 🔀
2021-12-24;1941006778;🔀 Рандом 🔀
2021-12-24;881035233;🔐 Код 🔐
2021-12-24;881035233;🔀 Рандом 🔀
2021-12-24;881035233;📌 Рекомендации 📌
2021-12-24;881035233;Криминальные
2021-12-24;951418499;/start
2021-12-24;951418499;🔀 Рандом 🔀
2021-12-24;951418499;🔀 Рандом 🔀
2021-12-24;951418499;🔀 Рандом 🔀
2021-12-24;951418499;📌 Рекомендации 📌
2021-12-24;951418499;Боевики
2021-12-24;951418499;📌 Рекомендации 📌
2021-12-24;951418499;Фантастические
2021-12-24;381542192;/start
2021-12-24;381542192;🔀 Рандом 🔀
2021-12-24;761044120;/start
2021-12-24;1257665237;/start
2021-12-24;424572137;/start
2021-12-24;424572137;🔀 Рандом 🔀
2021-12-24;424572137;🔀 Рандом 🔀
2021-12-24;424572137;🔀 Рандом 🔀
2021-12-24;424572137;🔀 Рандом 🔀
2021-12-24;424572137;🔀 Рандом 🔀
2021-12-24;424572137;🔀 Рандом 🔀
2021-12-24;424572137;🔀 Рандом 🔀
2021-12-24;424572137;🔀 Рандом 🔀
2021-12-24;424572137;🔀 Рандом 🔀
2021-12-24;424572137;🔀 Рандом 🔀
2021-12-24;424572137;🔀 Рандом 🔀
2021-12-24;424572137;🔀 Рандом 🔀
2021-12-24;424572137;🔀 Рандом 🔀
2021-12-24;424572137;🔀 Рандом 🔀
2021-12-24;424572137;🔀 Рандом 🔀
2021-12-24;424572137;📌 Рекомендации 📌
2021-12-24;424572137;Биографические
2021-12-24;1977332660;/start
2021-12-24;424572137;🔀 Рандом 🔀
2021-12-24;1977332660;🔐 Код 🔐
2021-12-24;424572137;📌 Рекомендации 📌
2021-12-24;424572137;Биографические
2021-12-24;424572137;📌 Рекомендации 📌
2021-12-24;424572137;Фантастические
2021-12-24;424572137;📌 Рекомендации 📌
2021-12-24;424572137;Приключенческие
2021-12-24;1371775802;/start
2021-12-24;1371775802;🔀 Рандом 🔀
2021-12-24;995770082;/start
2021-12-24;1371775802;🔐 Код 🔐
2021-12-24;1371775802;📌 Рекомендации 📌
2021-12-24;995770082;📌 Рекомендации 📌
2021-12-24;1371775802;🔀 Рандом 🔀
2021-12-24;995770082;Триллеры
2021-12-24;1371775802;🔀 Рандом 🔀
2021-12-24;995770082;🔀 Рандом 🔀
2021-12-24;1642483054;/start
2021-12-24;1642483054;🔀 Рандом 🔀
2021-12-24;1642483054;📌 Рекомендации 📌
2021-12-24;1642483054;Комедии
2021-12-24;1642483054;📌 Рекомендации 📌
2021-12-24;1642483054;Мультфильмы
2021-12-24;1642483054;📌 Рекомендации 📌
2021-12-24;1642483054;Мелодрамы
2021-12-24;1642483054;📌 Рекомендации 📌
2021-12-24;1642483054;Семейные
2021-12-24;1642483054;🔀 Рандом 🔀
2021-12-24;1642483054;Бот
2021-12-24;1642483054;🔐 Код 🔐
2021-12-24;1642483054;О10
2021-12-24;1119025604;/start
2021-12-24;1119025604;🔐 Код 🔐
2021-12-24;1119025604;53
2021-12-24;1390179088;/start
2021-12-24;1642483054;📌 Рекомендации 📌
2021-12-24;1642483054;Три балбеса
2021-12-24;1642483054;/start
2021-12-24;1642483054;Фильм три балбеса
2021-12-24;1642483054;📌 Рекомендации 📌
2021-12-24;1642483054;Комедии
2021-12-24;1014648043;🔀 Рандом 🔀
2021-12-24;1014648043;🔀 Рандом 🔀
2021-12-24;1361870654;/start
2021-12-24;1361870654;🔀 Рандом 🔀
2021-12-24;1361870654;🔐 Код 🔐
2021-12-24;1361870654;📌 Рекомендации 📌
2021-12-24;1014648043;🔀 Рандом 🔀
2021-12-24;1361870654;Человек паук
2021-12-24;1361870654;🔀 Рандом 🔀
2021-12-24;1361870654;🔀 Рандом 🔀
2021-12-24;1361870654;🔀 Рандом 🔀
2021-12-24;1361870654;🔀 Рандом 🔀
2021-12-24;1361870654;🔀 Рандом 🔀
2021-12-24;1014648043;🔀 Рандом 🔀
2021-12-24;1361870654;🔀 Рандом 🔀
2021-12-24;1361870654;🔀 Рандом 🔀
2021-12-24;1014648043;🔀 Рандом 🔀
2021-12-24;1361870654;🔀 Рандом 🔀
2021-12-24;1361870654;🔀 Рандом 🔀
2021-12-24;1361870654;🔀 Рандом 🔀
2021-12-24;1361870654;🔀 Рандом 🔀
2021-12-24;1014648043;🔀 Рандом 🔀
2021-12-24;1014648043;🔀 Рандом 🔀
2021-12-24;1014648043;🔀 Рандом 🔀
2021-12-24;1014648043;🔀 Рандом 🔀
2021-12-24;1014648043;🔀 Рандом 🔀
2021-12-24;1014648043;🔀 Рандом 🔀
2021-12-24;1014648043;🔀 Рандом 🔀
2021-12-24;1014648043;🔀 Рандом 🔀
2021-12-24;1014648043;🔀 Рандом 🔀
2021-12-24;1014648043;🔀 Рандом 🔀
2021-12-24;1014648043;🔀 Рандом 🔀
2021-12-24;1014648043;🔀 Рандом 🔀
2021-12-24;1014648043;🔀 Рандом 🔀
2021-12-24;757047451;/start
2021-12-24;1014648043;🔀 Рандом 🔀
2021-12-24;1014648043;🔀 Рандом 🔀
2021-12-24;1014648043;🔀 Рандом 🔀
2021-12-24;757047451;📌 Рекомендации 📌
2021-12-24;757047451;Мультфильмы
2021-12-24;1014648043;🔀 Рандом 🔀
2021-12-24;1014648043;🔀 Рандом 🔀
2021-12-24;1014648043;🔀 Рандом 🔀
2021-12-24;1014648043;🔀 Рандом 🔀
2021-12-24;1014648043;🔀 Рандом 🔀
2021-12-24;1014648043;🔀 Рандом 🔀
2021-12-24;1014648043;🔀 Рандом 🔀
2021-12-24;655030083;статистика 1 пользователь
2021-12-24;655030083;статистика 1 пользователь
2021-12-24;1014648043;🔀 Рандом 🔀
2021-12-24;1014648043;🔀 Рандом 🔀
2021-12-24;1262483270;/start
2021-12-24;1014648043;🔀 Рандом 🔀
2021-12-24;1262483270;📌 Рекомендации 📌
2021-12-24;1014648043;🔀 Рандом 🔀
2021-12-24;1262483270;Универ
2021-12-24;1091481077;/start
2021-12-24;1014648043;🔀 Рандом 🔀
2021-12-24;1091481077;📌 Рекомендации 📌
2021-12-24;1014648043;🔀 Рандом 🔀
2021-12-24;1091481077;Marvel
2021-12-24;1091481077;📌 Рекомендации 📌
2021-12-24;1091481077;Marvel
2021-12-24;1091481077;/start
2021-12-24;1091481077;📌 Рекомендации 📌
2021-12-24;1091481077;Криминальные
2021-12-24;1014648043;🔀 Рандом 🔀
2021-12-24;1014648043;🔀 Рандом 🔀
2021-12-24;420319011;/start
2021-12-24;420319011;🔀 Рандом 🔀
2021-12-24;420319011;📌 Рекомендации 📌
2021-12-24;420319011;Боевики
2021-12-24;1553008567;/start
2021-12-24;5030024856;/start
2021-12-24;5030024856;🔀 Рандом 🔀
2021-12-24;5030024856;Случайный
2021-12-24;1553008567;📌 Рекомендации 📌
2021-12-24;5030024856;Случайный шпион
2021-12-24;5030024856;📌 Рекомендации 📌
2021-12-24;5030024856;Боевики
2021-12-24;1553008567;Фантастические
2021-12-24;1553008567;📌 Рекомендации 📌
2021-12-24;1553008567;Приключенческие
2021-12-24;1553008567;🔀 Рандом 🔀
2021-12-24;1553008567;🔐 Код 🔐
2021-12-24;1553008567;🔐 Код 🔐
2021-12-24;1553008567;3159
2021-12-24;655030083;🔐 Код 🔐
2021-12-24;655030083;3
2021-12-24;1553008567;Код фильма 8754
2021-12-24;655030083;статистика 1 пользователи
2021-12-24;1553008567;Как написать код
2021-12-24;1553008567;🔀 Рандом 🔀
2021-12-24;655030083;статистика 1
2021-12-24;1553008567;📌 Рекомендации 📌
2021-12-24;1553008567;Marvel
2021-12-24;655030083;статистика 1
2021-12-24;655030083;статистика 1 команды
2021-12-24;1553008567;941
2021-12-24;1553008567;🔐 Код 🔐
2021-12-24;1553008567;13.5К
2021-12-24;1553008567;🔐 Код 🔐
2021-12-24;1553008567;381.ОК
2021-12-24;1553008567;🔐 Код 🔐
2021-12-24;1553008567;13.5к
2021-12-24;1197327086;/start
2021-12-24;1197327086;/start
2021-12-24;1197327086;📌 Рекомендации 📌
2021-12-24;1197327086;Фантастические
2021-12-24;1197327086;📌 Рекомендации 📌
2021-12-24;1197327086;Фантастические
2021-12-24;1197327086;📌 Рекомендации 📌
2021-12-24;1197327086;Фантастические
2021-12-24;1197327086;📌 Рекомендации 📌
2021-12-24;1197327086;Фантастические
2021-12-24;1197327086;📌 Рекомендации 📌
2021-12-24;1197327086;Спортивные
2021-12-24;1197327086;📌 Рекомендации 📌
2021-12-24;1197327086;Приключенческие
2021-12-24;1197327086;🔐 Код 🔐
2021-12-24;1197327086;🔀 Рандом 🔀
2021-12-24;1197327086;🔀 Рандом 🔀
2021-12-24;1197327086;📌 Рекомендации 📌
2021-12-24;1197327086;Приключенческие
2021-12-24;933653568;/start
2021-12-24;933653568;🔐 Код 🔐
2021-12-24;933653568;53
2021-12-24;933653568;Нет, спасибо
2021-12-24;207853181;/start
2021-12-24;207853181;Хищник
2021-12-24;207853181;📌 Рекомендации 📌
2021-12-24;207853181;Боевики
2021-12-24;5079560347;/start
2021-12-24;5079560347;🔀 Рандом 🔀
2021-12-24;5079560347;🔀 Рандом 🔀
2021-12-24;5079560347;🔀 Рандом 🔀
2021-12-24;5079560347;🔀 Рандом 🔀
2021-12-24;5079560347;🔀 Рандом 🔀
2021-12-24;5079560347;🔀 Рандом 🔀
2021-12-24;5099545820;/start
2021-12-24;5099545820;/start
2021-12-24;5079560347;Да
2021-12-24;1091740608;/start
2021-12-24;1091740608;🔐 Код 🔐
2021-12-24;1091740608;🔀 Рандом 🔀
2021-12-24;361637610;статистика 1 пользователи
2021-12-24;1057043351;/start
2021-12-24;1057043351;📌 Рекомендации 📌
2021-12-24;1057043351;Боевики
2021-12-24;1057043351;📌 Рекомендации 📌
2021-12-24;1057043351;Криминальные
2021-12-24;5026524472;/start
2021-12-24;5026524472;🔀 Рандом 🔀
2021-12-24;5026524472;Сваты 7
2021-12-24;5026524472;🔀 Рандом 🔀
2021-12-24;1823467107;/start
2021-12-24;1823467107;34
2021-12-24;1823467107;🔐 Код 🔐
2021-12-24;1823467107;Код 34
2021-12-24;385815161;/start
2021-12-24;385815161;🔀 Рандом 🔀
2021-12-24;706503606;/start
2021-12-24;706503606;📌 Рекомендации 📌
2021-12-24;706503606;Семейные
2021-12-24;706503606;Сваты
2021-12-24;361637610;🔐 Код 🔐
2021-12-24;361637610;3
2021-12-24;361637610;🔎 Поиск 🔍
2021-12-24;361637610;Шан
2021-12-24;361637610;🔀 Рандом 🔀
2021-12-24;361637610;📌 Рекомендации 📌
2021-12-24;361637610;Спортивные
2021-12-25;361637610;🔐 Код 🔐
2021-12-25;361637610;3
2021-12-25;361637610;3
2021-12-25;361637610;3
2021-12-25;361637610;Код 3
2021-12-25;361637610;Код 3
2021-12-25;361637610;Код 3
2021-12-25;361637610;3
2021-12-25;361637610;Код 3
2021-12-25;361637610;код 3
2021-12-25;361637610;Код 3
2021-12-25;361637610;Код 3
2021-12-25;361637610;код 3
2021-12-25;361637610;3
2021-12-25;361637610;Код 3
2021-12-25;361637610;код 3
2021-12-25;361637610;Код 3
2021-12-25;361637610;код 3
2021-12-25;361637610;код 1
2021-12-25;361637610;🔐 Код 🔐
2021-12-25;361637610;3
2021-12-25;361637610;Код 3
2021-12-25;361637610;код 3
2021-12-25;361637610;3
2021-12-25;361637610;🔀 Рандом 🔀
2021-12-25;361637610;📌 Рекомендации 📌
2021-12-25;361637610;action
2021-12-25;361637610;🔎 Поиск 🔍
2021-12-25;361637610;Срд
2021-12-25;361637610;Chel
2021-12-25;361637610;🔎 Поиск 🔍
2021-12-25;361637610;Chel
2021-12-25;361637610;🔎 Поиск 🔍
2021-12-25;361637610;Chel
2021-12-25;361637610;📌 Рекомендации 📌
2021-12-25;361637610;action
2021-12-25;361637610;🔎 Поиск 🔍
2021-12-25;361637610;op
2021-12-25;361637610;🔎 Поиск 🔍
2021-12-25;361637610;Chel
2021-12-25;361637610;Код 3
2021-12-25;361637610;3
2021-12-25;361637610;код 3
2021-12-25;361637610;🔀 Рандом 🔀
2021-12-25;361637610;📌 Рекомендации 📌
2021-12-25;361637610;action
2021-12-25;361637610;🔎 Поиск 🔍
2021-12-25;361637610;Chel
2021-12-25;361637610;/start
2021-12-25;361637610;/start
2021-12-25;361637610;/help
2021-12-25;361637610;код 3
2021-12-25;361637610;код 3
2021-12-25;361637610;3
2021-12-25;361637610;код-3
2021-12-25;361637610;код-3
2021-12-25;361637610;код-3
2021-12-25;361637610;🔐 Код 🔐
2021-12-25;361637610;3
2021-12-25;361637610;🔀 Рандом 🔀
2021-12-25;361637610;🔐 Код 🔐
2021-12-25;361637610;3
2021-12-25;361637610;🔐 Код 🔐
2021-12-25;361637610;🔐 Код 🔐
2021-12-25;361637610;3
2021-12-25;361637610;🔐 Код 🔐
2021-12-25;361637610;3
2021-12-25;361637610;🔀 Рандом 🔀
2021-12-26;361637610;/start
2021-12-26;361637610;/start
2021-12-26;361637610;/start
2021-12-26;361637610;/help
2021-12-26;361637610;/help
2021-12-26;361637610;/help
2021-12-26;361637610;/start
2021-12-26;361637610;/help
